,vectorizer_type,ari,jaccard,dasgupta
6,tfidf,0.25561362046130764,0.00602308822871497,0.8513329696388925
2,dicta-il/dictabert,0.282395396945305,0.000922315403379449,0.8329717065057758
3,yonatanlou/BEREL-finetuned-DSS-maskedLM,0.3157666401317964,0.009108357995863356,0.8325264405899913
0,dicta-il/BEREL,0.2991105960314606,0.0028882797698155716,0.8317539081407765
1,onlplab/alephbert-base,0.2395307431621117,0.006564422398416587,0.827902654365793
4,yonatanlou/alephbert-base-finetuned-DSS-maskedLM,0.2647641545647873,0.0068054334729805285,0.8151595040058132
5,yonatanlou/dictabert-finetuned-DSS-maskedLM,0.25232613383344316,0.008563210755456603,0.8136552635382457
7,trigram,0.2883862318726718,0.002973006852749457,0.7693745133270095
8,starr,0.04260031479534052,0.0010079679227443172,0.4929554236980197
